timestamp,response_time,http_code,result,payload_file,is_allowed,blocking_findings,non_blocking_findings









































































































































































































































































































































































































































































































































































































































































































































































































































































































































































































































































































































































































































































































































































































































































































































































































































































































































































































































































































































































































































































































































































































































































































































































































































































































































































































































































































































